year,fire_count,TAVG,TMAX,TMIN,PRCP
2024,25,5.17220467185762,6.118134762530758,4.226274581184481,0.5502727272727272
2025,15,3.729032258064516,4.616129032258065,2.8419354838709676,0.392
